scene_id,group,region_standard,season_weather_altitude,fuel_or_charging_condition,primary_quality_or_integrity_risk,key_confounder,warm,mild,cold,humid,dry,alt,petrol,eth,diesel,ev,cs,fault,night,peak
F01,fuel,India (BIS),"Monsoon (Jun--Sep); heavy rain, 28--32degC, humid",E20 petrol; urban stop-go driving,Water uptake and possible phase separation in ethanol blends,Stop-go driving shortens the steady-state window,1,0,0,1,0,0,0,1,0,0,0,0,0,0
F02,fuel,Pakistan (OGRA),Summer (May--Jun); dry heat above 40degC,Petrol with a solvent-type adulterant,Density and volatility shift; hot-fuel density needs temperature correction,Dust-loaded air filter,1,0,0,0,1,0,1,0,0,0,0,0,0,0
F03,fuel,South Africa (SABS),"Winter (Jun--Aug); cold dry nights near 0degC, altitude >1,500m",Diesel with paraffin; night refuel,"Paraffin dilution; cold-flow margin (cloud point, CFPP) changes",Altitude air-density offset; cold start,0,0,1,0,1,1,0,0,1,0,1,0,1,0
F04,fuel,Kenya (EPRA marking),"Dry season (Jan--Mar); mild, altitude >1,500m",Petrol with kerosene,Kerosene dilution; evasion of the fuel marker,Altitude air-density offset,0,1,0,0,1,1,1,0,0,0,0,0,0,0
F05,fuel,Brazil (ANP),"Summer (Dec--Feb); hot, humid coast",Hydrous ethanol/flex-fuel with added water,Water-in-ethanol (benchmark scenario of citeref28),Flex-fuel ECU adapts to ethanol fraction,1,0,0,1,0,0,0,1,0,0,0,0,0,0
F06,fuel,EU (Directive 98/70/EC),Winter (Dec--Feb); -10 to +5degC,Winter-grade diesel with used-cooking-oil blending,Blend composition; cold-flow margin,Cold start delays closed-loop trims,0,0,1,0,0,0,0,0,1,0,1,0,0,0
F07,fuel,Mexico,"Dry season; mild, highland altitude >2,000m","Petrol of unverified provenance, solvent-blended",Blending of illicit-origin product,Altitude air-density offset,0,1,0,0,1,1,1,0,0,0,0,0,0,0
F08,fuel,Nigeria (NMDPRA),"Harmattan (Dec--Feb); dry, dusty heat",Diesel with kerosene/paraffin,Dilution of smuggled or adulterated product,MAF fouling from dust (non-fuel fault),1,0,0,0,1,0,0,0,1,0,0,1,0,0
F09,fuel,Indonesia,"Rainy season; hot, humid",RON-92 grade blended with lower-octane fuel,"Octane shortfall, observable only indirectly (knock retard)",Short urban trips; octane not measured by Track 1,1,0,0,1,0,0,1,0,0,0,1,0,0,0
F10,fuel,"East Asia (China, Vietnam)","Summer monsoon; hot, humid; night refuel",Gasoline with methanol/ketone additive,Hygroscopic methanol water uptake; composition shift,Night-time temperature swing (hypothesis),1,0,0,1,0,0,1,0,0,0,0,0,1,0
F11,fuel,All regions (negative control A),"Mild, 10--25degC",Clean fuel from several unadulterated batches,None; normal batch-to-batch variation,Separates ``different'' fuel from adulterated fuel,0,1,0,0,0,0,1,0,0,0,0,0,0,0
F12,fuel,All regions (negative control B),"Mild, 10--25degC","Clean fuel with injected faults (vacuum leak, dirty MAF, aged O_2 sensor)",None (clean fuel),Trim deviation from non-fuel causes: false-positive stress test,0,1,0,0,0,0,1,0,0,0,0,1,0,0
E01,ev,EU (Germany),Winter; -5 to 5degC,DC fast charge on a public network,Cold-battery power derating; higher internal resistance,R_int depends on temperature and state of charge,0,0,1,0,0,0,0,0,0,1,0,0,0,0
E02,ev,India,"Summer; above 40degC, dry; evening peak",AC Level 2 public charger,"Grid voltage excursions (sags, swells); peak-hour billing",Thermal derating of the charger,1,0,0,0,1,0,0,0,0,1,0,0,0,1
E03,ev,"Coastal tropics (Indonesia, Brazil)","Rainy season; humid, salt air",Public DC charger with an aged connector,Connector corrosion raising contact resistance; power-quality anomalies,Connector fault versus grid disturbance,1,0,0,1,0,0,0,0,0,1,0,1,0,0
E04,ev,Mexico (highland),"Dry season; mild, altitude >2,000m; overnight",Home AC charging on an unstable supply,Voltage/frequency disturbances over repeated sessions,Slow overnight sessions lengthen trend accumulation,0,1,0,0,1,1,0,0,0,1,0,0,1,0
E05,ev,Multi-region roaming network,Any; peak versus off-peak,Roaming session with network and idle fees,Billed energy exceeding delivered energy; fee itemization,Tariff structure differs by operator,0,1,0,0,0,0,0,0,0,1,0,0,0,1
